Ordem original;Música;Artista;Duração de referência;Duração publicada;Spotify;Áudio
1;Rap Da Akatsuki: Os Ninjas Mais Procurados Do Mundo (Nerd Hits);7 Minutoz;9:51;10:17;https://open.spotify.com/track/3YWdolIwRLOeLbmj5Q9lIO;Publicada na rádio e na playlist
2;ASTA;7 Minutoz;2:39;;https://open.spotify.com/track/7prFp2fXmh7FeyTL0jclAp;Pendente: precisa do áudio correto
3;Rap do Sasuke e Itachi: A Canção dos Renegados (Nerd Hits);7 Minutoz;4:00;4:29;https://open.spotify.com/track/4H9p1JSwZnqkguiyDdZc2S;Publicada na rádio e na playlist
4;VELHA ESTRADA;7 Minutoz;2:35;2:40;https://open.spotify.com/track/5xZXNJYt0StobkZC0X5iDR;Publicada na rádio e na playlist
5;REI DO SANGUE;7 Minutoz;2:50;3:02;https://open.spotify.com/track/2TFk9zzqq3UC2mgbM6i8d9;Publicada na rádio e na playlist
6;RADIOATIVO;7 Minutoz;4:30;4:41;https://open.spotify.com/track/0jyx97gDHlCX20eeCu8SXv;Publicada na rádio e na playlist
7;CORINGA E ARLEQUINA;7 Minutoz, Amanda Areia, Anny;3:21;3:29;https://open.spotify.com/track/2AAvvgBGuQzdXpDTp80Fit;Publicada na rádio e na playlist
8;Mangá;7 Minutoz;3:42;3:46;https://open.spotify.com/track/4SfC9qRHAUY8KQAI8O2Tv3;Publicada na rádio e na playlist
9;JUDAS;7 Minutoz;3:22;3:31;https://open.spotify.com/track/5GLqGTJDUrl5dMlw7QnTEb;Publicada na rádio e na playlist
10;Rap do Sharingan: Cuidado com os Meus Olhos (Nerd Hits);7 Minutoz;3:45;3:50;https://open.spotify.com/track/56XTLsfgthcUryiqiqHbpN;Publicada na rádio e na playlist
11;Samehada;7 Minutoz;3:03;3:13;https://open.spotify.com/track/4WURFBoF6It7V7xigtokga;Publicada na rádio e na playlist
12;Death Note;7 Minutoz;3:51;4:12;https://open.spotify.com/track/1K6yxhSJsQuMzDhtmk7W81;Publicada na rádio e na playlist
13;Anjo Caído;Anny, 7 Minutoz;3:12;3:12;https://open.spotify.com/track/1b4qBYXrG1psX9B3gJQocb;Publicada na rádio e na playlist
14;Reconhecimento;Rodrigo Zin, 7 Minutoz, Henrique Mendonça;7:16;7:16;https://open.spotify.com/track/1ZbpNWwdxVxg3yziXCPk7S;Publicada na rádio e na playlist
15;Rap dos Homens-Aranha: Nem Todo Mundo Nasce Herói (Nerd Hits);7 Minutoz;4:20;4:28;https://open.spotify.com/track/2Ohy6kpOsdXmq4YPRZryTk;Publicada na rádio e na playlist
16;AKUMA NO MI;7 Minutoz;2:54;3:09;https://open.spotify.com/track/3fITfVbE6LfE8A99TwXIP6;Publicada na rádio e na playlist
17;Marca da Maldição;7 Minutoz;3:50;4:00;https://open.spotify.com/track/3U06dP1u8D4WJw1MksADj1;Publicada na rádio e na playlist
18;ITADORI;7 Minutoz, M4rkim;3:47;3:54;https://open.spotify.com/track/6DndE3bl6FeQ2BCMuHhOfH;Publicada na rádio e na playlist
19;Sem Ela;VMZ;3:54;4:03;https://open.spotify.com/track/3OAD5gyoYv2uJs8WgdxrCx;Publicada na rádio e na playlist
20;Rinnegan;7 Minutoz;3:31;3:40;https://open.spotify.com/track/716v7kn1pdLBvxjxIOf53w;Publicada na rádio e na playlist
21;Shippuden;7 Minutoz;3:10;3:20;https://open.spotify.com/track/0a9Qs41WKVkqORCLXOHj9D;Publicada na rádio e na playlist
22;Vale Do Fim;7 Minutoz;4:16;4:10;https://open.spotify.com/track/0DtNGy12sUYCdnwjOAw65V;Publicada na rádio e na playlist
23;Rap do Nagato: Minha Dor (Nerd Hits) [feat. Fabvl];7 Minutoz, Fabvl;6:00;6:09;https://open.spotify.com/track/2P196kkxWCXjh97ol8u7PP;Publicada na rádio e na playlist
24;Rap do Joel e Ellie: Os Últimos de Nós (Nerd Hits);7 Minutoz;3:29;3:41;https://open.spotify.com/track/1k0Mtei0Qu87Xg16OMA6md;Publicada na rádio e na playlist
25;Rap do Sanji: Apenas um Trago (Nerd Hits);7 Minutoz;4:07;4:14;https://open.spotify.com/track/4CoC2Pym1Y8frIBoo78h6K;Publicada na rádio e na playlist
26;Rap Do Edward Elric: Troca Equivalente (Nerd Hits);7 Minutoz;3:31;3:54;https://open.spotify.com/track/0OyX8XA84enWU3JDt7I1cc;Publicada na rádio e na playlist
27;Rap Do Asta: Eu Vou Ser O Rei Mago (Nerd Hits);7 Minutoz;3:21;3:47;https://open.spotify.com/track/0k5q18ZExHCN7nymUfpOvr;Publicada na rádio e na playlist
28;Suiton;7 Minutoz;3:07;3:18;https://open.spotify.com/track/5436OOhc4THarMSIJ5Ni9d;Publicada na rádio e na playlist
29;Rap do Doflamingo: Um Rei (Nerd Hits);7 Minutoz;3:55;4:01;https://open.spotify.com/track/1EZsAKvqFR7xTcMMoFDGTh;Publicada na rádio e na playlist
30;Rap do Kratos e Atreus: Nós Somos Deuses (Nerd Hits);7 Minutoz;4:11;4:20;https://open.spotify.com/track/20H4T0QX0cwLylqwlLM2qQ;Publicada na rádio e na playlist
31;Aladdin;7 Minutoz;3:20;3:24;https://open.spotify.com/track/0vFZFXZ6acsHuM6tyLBAR0;Publicada na rádio e na playlist
32;Rap Do Tanjiro: Filho Do Sol (Nerd Hits);7 Minutoz;2:11;2:31;https://open.spotify.com/track/7aXf5PsL9KYtgzL9SYSYbw;Publicada na rádio e na playlist
33;Rap do Itadori Yuji e Sukuna: Receptáculo do Rei das Maldições (Nerd Hits);7 Minutoz;3:45;3:54;https://open.spotify.com/track/3aMOCR8F4gYPV5k8HNy5eM;Publicada na rádio e na playlist
34;Rap do Escanor: Orgulhoso Como um Leão (Nerd Hits);7 Minutoz;4:47;5:06;https://open.spotify.com/track/03eP4Cxrdbke028mCymf95;Publicada na rádio e na playlist
35;Rap do Ban: O Pecado da Ganância (Nerd Hits);7 Minutoz;4:05;3:58;https://open.spotify.com/track/6rwXQYhNy4rcF8PW5kWIB5;Publicada na rádio e na playlist
36;Eren: AO SOM DO ESTRONDO;7 Minutoz;4:48;4:59;https://open.spotify.com/track/3X0Jo3WtKpTqsxbswGtFHg;Publicada na rádio e na playlist
37;Rap Do Homem de Ferro: Eu Sou O Homem de Ferro (Nerd Hits);7 Minutoz;5:52;6:18;https://open.spotify.com/track/0Ck7wNGBSxo459aOl2EnIo;Publicada na rádio e na playlist
38;Rap Do Shikamaru: Cuidado Com As Sombras (Nerd Hits);7 Minutoz;3:37;4:02;https://open.spotify.com/track/22yxQQrC4pnr5NkHhV1Om2;Publicada na rádio e na playlist
39;Rap do Killua: Meu Nome Começa com Kill (Nerd Hits);7 Minutoz;4:01;4:10;https://open.spotify.com/track/5pVARXJMB0vwfgdSifKxHa;Publicada na rádio e na playlist
40;Rap do Sasuke: Maldição do Ódio (NERD HITS);7 Minutoz;4:00;;https://open.spotify.com/track/6X1qbe0hhfiF1wFcDoEv7Z;Pendente: arquivo não fornecido
41;Rap do Jiraiya: O Conto de um Ninja Destemido (NERD HITS);7 Minutoz;3:36;3:50;https://open.spotify.com/track/55ZzYT99HnknwV9hIO2quL;Publicada na rádio e na playlist
42;Rap do Zoro: O Maior Espadachim do Mundo (Nerd Hits);7 Minutoz;3:30;3:40;https://open.spotify.com/track/4suKHiKiIP8uBmYWRBm3l9;Publicada na rádio e na playlist
43;Rap do Omni-Man: Olhem pro Céu (Nerd Hits);7 Minutoz;5:02;5:10;https://open.spotify.com/track/5iSlAizREe6tmItzcUNsko;Publicada na rádio e na playlist
44;Rap do Kratos: Eu Sou um Deus (NERD HITS);7 Minutoz;4:33;4:48;https://open.spotify.com/track/0zVBkrmwGuvMS6VZOh11RX;Publicada na rádio e na playlist
45;Rap do Maito Gai: O Ninja Mais Forte (NERD HITS);7 Minutoz;4:07;4:17;https://open.spotify.com/track/7coHUIzjOa7pbELDWxe4qL;Publicada na rádio e na playlist
46;Rap do Sasuke: O Renegado (Nerd Hits);7 Minutoz;3:59;4:49;https://open.spotify.com/track/6SlB6zSE4HtpB6bZK5F0j3;Publicada na rádio e na playlist
47;Rap do Mikey: O Invencível (Nerd Hits);7 Minutoz;4:04;4:13;https://open.spotify.com/track/1KVhPjd3cQ2DiJAUuDYtUe;Publicada na rádio e na playlist
48;Rap do Meliodas: Eu Sou o Capitão (Nerd Hits);7 Minutoz;4:16;4:31;https://open.spotify.com/track/1LfljppMwEnbZURxZ2PEO7;Publicada na rádio e na playlist
49;Rap do Rock Lee: A Força da Motivação (NERD HITS);7 Minutoz;3:00;3:19;https://open.spotify.com/track/4R9quk9G8bjjmW40pc9eLF;Publicada na rádio e na playlist
50;Rap do Homem de Ferro, Batman e Arqueiro Verde: Sem Poderes (Nerd Hits);7 Minutoz;3:33;3:37;https://open.spotify.com/track/5hIYiXHeTXfrzsVlQgZAG3;Publicada na rádio e na playlist
51;Rap do Deidara: A Arte é a Explosão (Nerd Hits);7 Minutoz;3:04;3:28;https://open.spotify.com/track/6JxtFNFJUV9rC75lc4knS0;Publicada na rádio e na playlist
52;Rap do Broly, Kyuubi e Levi: O Poder da Minha Ira 2 (Nerd Hits);7 Minutoz;2:49;2:56;https://open.spotify.com/track/3DUogrKOIh61nskxgmnEXR;Publicada na rádio e na playlist
53;Rap do Minato e Naruto: A Canção de Pai e Filho (Nerd Hits);7 Minutoz;4:28;4:37;https://open.spotify.com/track/5yotaj92jCsZBNj5gBt5A8;Publicada na rádio e na playlist
54;Rap do Itachi: Essa Dor Que Causei... (NERD HITS);7 Minutoz;3:12;3:27;https://open.spotify.com/track/1RZSoZYz8kr87jXZ2yLrOB;Publicada na rádio e na playlist
55;Tipo Sasuke;MHRAP;3:49;3:21;https://open.spotify.com/track/4nJEKFP3QrGiGngmHTmVxY;Publicada na rádio e na playlist
56;Toretto;7 Minutoz;3:05;3:11;https://open.spotify.com/track/4xKjK8Ww8jmj5qoXISL5b9;Publicada na rádio e na playlist
57;Rap Do Near E Mello: O Sucessor Do L (Nerd Hits);7 Minutoz;3:21;3:39;https://open.spotify.com/track/7bDbTTD9BHKtDasUNAuJy1;Publicada na rádio e na playlist
58;Rap do Denji: O Maldito Demônio da Motosserra (Nerd Hits) - Rap do Denji: O Maldito Demônio da Motosserra (Nerd Hits);7 Minutoz;5:39;5:50;https://open.spotify.com/track/11yRON06ojsGCEGM2hOn4R;Publicada na rádio e na playlist
59;Rap do Naruto e Kurama: Nosso Adeus... (Nerd Hits);7 Minutoz;3:20;3:21;https://open.spotify.com/track/3ku5WBfWFvdadaFekdHEP5;Publicada na rádio e na playlist
60;Rap do Crocodile: O Deserto Será Seu Cemitério (Nerd Hits);7 Minutoz;5:04;5:10;https://open.spotify.com/track/2lXdFqCMvaguSWMBkuAAsm;Publicada na rádio e na playlist
61;Tsukuyomi Infinito;7 Minutoz;2:34;;https://open.spotify.com/track/2UXdV2NWkEVSlTLu0JIt2h;Pendente: arquivo não fornecido
62;Rap do Killer Bee & Raikage: Double Lariat (Nerd Hits);7 Minutoz;2:48;3:37;https://open.spotify.com/track/7lHqlkPoMjwHvdCvvsMViY;Publicada na rádio e na playlist
63;Heisenberg;7 Minutoz;3:24;3:34;https://open.spotify.com/track/0JlIJUzEy5JXq04ZXRliH3;Publicada na rádio e na playlist
64;Bane;7 Minutoz;2:57;3:06;https://open.spotify.com/track/1Vl7LG4iGxDUaCX3QWQgNF;Publicada na rádio e na playlist
65;Dr. Manhattan;7 Minutoz;3:13;3:19;https://open.spotify.com/track/0Xqagm9zkIhbyuSFXJZeN3;Publicada na rádio e na playlist
66;Rap dos Hokages: A Vontade do Fogo (Nerd Hits);7 Minutoz;9:21;10:07;https://open.spotify.com/track/6xcQRc6H2UdTX425C2YzNY;Publicada na rádio e na playlist
67;Rap do Kisame: Uma Bijuu Sem Cauda (Nerd Hits);7 Minutoz;3:57;4:03;https://open.spotify.com/track/4mupoa0z0m8NVGwtOhxbmh;Publicada na rádio e na playlist
68;Rap do Luffy: Chapéu de Palha (Nerd Hits);7 Minutoz;5:58;6:11;https://open.spotify.com/track/3a015m33XU836Njr32xIqe;Publicada na rádio e na playlist
69;Rap do Zabuza: O Demônio da Névoa Oculta (Nerd Hits);7 Minutoz;3:24;3:32;https://open.spotify.com/track/0eWFgZviI4tIxOGKORwRtb;Publicada na rádio e na playlist
70;Rap do Tobirama: Segundo Hokage (Nerd Hits);7 Minutoz;3:05;3:10;https://open.spotify.com/track/1RqZpqA1ab6Y1MBJOlDFya;Publicada na rádio e na playlist
71;Jinchuuriki;7 Minutoz;3:16;3:26;https://open.spotify.com/track/79D2UvMjbO8a9yJ2p5kU0N;Publicada na rádio e na playlist
72;Escanor;7 Minutoz;4:06;;https://open.spotify.com/track/3LoWFnz8QWh41tmrBkhxOs;Pendente: precisa do áudio correto
73;Rap do Satoru Gojo: Mais Poderoso Desse Mundo Todo (Nerd Hits);7 Minutoz;2:52;2:57;https://open.spotify.com/track/4qVdnYL5Z9stFxsgMBOVF5;Publicada na rádio e na playlist
74;Nemesis;7 Minutoz;2:59;3:08;https://open.spotify.com/track/6ijCSc8Fld1mHO9yFhfd7M;Publicada na rádio e na playlist
75;Springtrap/William Afton: AGONIA;7 Minutoz;6:06;6:01;https://open.spotify.com/track/6s1mAripRUhXC14ER5SN8S;Publicada na rádio e na playlist
76;Rap do Shisui: Meu Sacrifício (NERD HITS);7 Minutoz;3:33;3:55;https://open.spotify.com/track/1fka8QhovW6JSsP7O9PAwo;Publicada na rádio e na playlist
77;Rap do Homem-Aranha, Flash e Batman: Momentos Com Quem Se Foi...;7 Minutoz;2:51;3:12;https://open.spotify.com/track/415MoTXJtKKT6o34Z1VOTQ;Publicada na rádio e na playlist
78;Yonkou;PeJota10*, SecondTime, JKZ, Akashi Cruz, oNinho, May Abreu, Tauz;6:14;6:46;https://open.spotify.com/track/3xjGhW1KA96BuYJu4kgrZ2;Publicada na rádio e na playlist
79;Johan Liebert: MONSTRO;7 Minutoz;5:09;5:08;https://open.spotify.com/track/6KHs9bTJWySX3FuqLBC5Xz;Publicada na rádio e na playlist
80;MAHITO;7 Minutoz, Novatroop;3:36;3:46;https://open.spotify.com/track/2vDQR4PEcK1IQ416rcS9XZ;Publicada na rádio e na playlist
81;FOGO;Blxck;3:24;3:24;https://open.spotify.com/track/6ahcU15890afyWr9F7tVLj;Publicada na rádio e na playlist
82;ROCKSTXR;Blxck;3:32;3:32;https://open.spotify.com/track/10xmdXKPf7QTZmD2NDVQqn;Publicada na rádio e na playlist
83;SWAG!;Blxck, hyei;3:03;;https://open.spotify.com/track/2B389NZv6GgPdjQsxVKNPu;Pendente: arquivo não fornecido
84;Capitão Pátria: SOU DEUS;7 Minutoz;5:23;5:22;https://open.spotify.com/track/3fcxULLj2sf1gJcM1fUnMt;Publicada na rádio e na playlist
